30350	COG0001
30351	COG0002
30352	COG0003
30353	COG0004
30354	COG0005
30356	COG0006
30357	COG0007
30358	COG0008
30359	COG0009
30360	COG0010
30361	COG0011
30362	COG0012
30363	COG0013
30364	COG0014
30365	COG0015
30366	COG0016
30367	COG0017
30368	COG0018
30369	COG0019
30370	COG0020
30371	COG0021
30372	COG0022
30373	COG0023
30374	COG0024
30375	COG0025
30376	COG0026
30377	COG0027
30378	COG0028
30379	COG0029
30380	COG0030
30381	COG0031
30382	COG0033
30383	COG0034
30384	COG0035
30385	COG0036
30386	COG0037
30387	COG0038
30388	COG0039
30389	COG0040
30390	COG0041
30391	COG0042
30392	COG0043
30393	COG0044
30394	COG0045
30395	COG0046
30396	COG0047
30397	COG0048
30398	COG0049
30399	COG0050
30400	COG0051
30401	COG0052
30402	COG0053
30403	COG0054
30404	COG0055
30405	COG0056
30406	COG0057
30407	COG0058
30408	COG0059
30409	COG0060
30410	COG0061
30411	COG0062
30412	COG0063
30413	COG0064
30414	COG0065
30415	COG0066
30416	COG0067
30417	COG0068
30418	COG0069
30419	COG0070
30420	COG0071
30421	COG0072
30422	COG0073
30423	COG0074
30424	COG0075
30425	COG0076
30426	COG0077
30427	COG0078
30428	COG0079
30429	COG0080
30430	COG0081
30431	COG0082
30432	COG0083
30433	COG0084
30434	COG0085
30435	COG0086
30436	COG0087
30437	COG0088
30438	COG0089
30439	COG0090
30440	COG0091
30441	COG0092
30442	COG0093
30443	COG0094
30444	COG0095
30445	COG0096
30446	COG0097
30447	COG0098
30448	COG0099
30449	COG0100
30450	COG0101
30451	COG0102
30452	COG0103
30453	COG0104
30454	COG0105
30455	COG0106
30456	COG0107
30457	COG0108
30458	COG0109
30459	COG0110
30460	COG0111
30461	COG0112
30462	COG0113
30463	COG0114
30464	COG0115
30465	COG0116
30466	COG0117
30467	COG0118
30468	COG0119
30469	COG0120
30470	COG0121
30471	COG0122
30472	COG0123
30473	COG0124
30474	COG0125
30475	COG0126
30476	COG0127
30477	COG0128
30478	COG0129
30479	COG0130
30480	COG0131
30481	COG0132
30482	COG0133
30483	COG0134
30484	COG0135
30485	COG0136
30486	COG0137
30487	COG0138
30488	COG0139
30489	COG0140
30490	COG0141
30491	COG0142
30492	COG0143
30493	COG0144
30494	COG0145
30495	COG0146
30496	COG0147
30497	COG0148
30498	COG0149
30499	COG0150
30500	COG0151
30501	COG0152
30502	COG0153
30503	COG0154
30504	COG0155
30505	COG0156
30506	COG0157
30507	COG0158
30508	COG0159
30509	COG0160
30510	COG0161
30511	COG0162
30512	COG0163
30513	COG0164
30514	COG0165
30515	COG0166
30516	COG0167
30517	COG0168
30518	COG0169
30519	COG0170
30520	COG0171
30521	COG0172
30522	COG0173
30523	COG0174
30524	COG0175
30525	COG0176
30526	COG0177
30527	COG0178
30528	COG0179
30529	COG0180
30530	COG0181
30531	COG0182
30532	COG0183
30533	COG0184
30534	COG0185
30535	COG0186
30536	COG0187
30537	COG0188
30538	COG0189
30539	COG0190
30540	COG0191
30541	COG0192
30542	COG0193
30543	COG0194
30544	COG0195
30545	COG0196
30546	COG0197
30547	COG0198
30548	COG0199
30549	COG0200
30550	COG0201
30551	COG0202
30552	COG0203
30553	COG0204
30554	COG0205
30555	COG0206
30556	COG0207
30557	COG0208
73173	COG0209
30559	COG0210
30560	COG0211
30561	COG0212
30562	COG0213
30563	COG0214
30564	COG0215
30565	COG0216
30566	COG0217
30567	COG0218
30568	COG0219
30569	COG0220
30570	COG0221
30571	COG0222
30572	COG0223
30573	COG0224
30574	COG0225
30575	COG0226
30576	COG0227
30577	COG0228
30578	COG0229
30579	COG0230
30580	COG0231
30581	COG0232
30582	COG0233
30583	COG0234
30584	COG0235
30585	COG0236
30586	COG0237
30587	COG0238
30588	COG0239
30589	COG0240
30590	COG0241
30591	COG0242
30592	COG0243
30593	COG0244
30594	COG0245
30595	COG0246
30596	COG0247
30597	COG0248
30598	COG0249
30599	COG0250
30600	COG0251
30601	COG0252
30602	COG0253
30603	COG0254
30604	COG0255
30605	COG0256
30606	COG0257
30607	COG0258
30608	COG0259
30609	COG0260
30610	COG0261
30611	COG0262
30612	COG0263
30613	COG0264
30614	COG0265
30615	COG0266
30616	COG0267
30617	COG0268
30618	COG0269
30619	COG0270
30620	COG0271
30621	COG0272
30622	COG0274
30623	COG0275
30624	COG0276
30625	COG0277
30626	COG0278
30627	COG0279
30628	COG0280
30629	COG0281
30630	COG0282
30631	COG0283
30632	COG0284
30633	COG0285
30634	COG0286
30635	COG0287
30636	COG0288
30637	COG0289
30638	COG0290
30639	COG0291
30640	COG0292
30641	COG0293
30642	COG0294
30643	COG0295
30644	COG0296
30645	COG0297
30646	COG0298
30647	COG0299
30648	COG0300
30649	COG0301
30650	COG0302
30651	COG0303
30652	COG0304
30653	COG0305
30654	COG0306
30655	COG0307
30656	COG0308
30657	COG0309
30658	COG0310
30659	COG0311
30660	COG0312
30661	COG0313
30662	COG0314
30663	COG0315
30664	COG0316
30665	COG0317
30666	COG0318
30667	COG0319
30668	COG0320
30669	COG0321
30670	COG0322
30671	COG0323
30672	COG0324
30673	COG0325
30674	COG0326
30675	COG0327
30676	COG0328
30677	COG0329
30678	COG0330
30679	COG0331
30680	COG0332
30681	COG0333
30682	COG0334
30683	COG0335
30684	COG0336
30685	COG0337
30686	COG0338
30687	COG0339
30688	COG0340
30689	COG0341
30690	COG0342
30691	COG0343
30692	COG0344
30693	COG0345
30694	COG0346
30695	COG0347
30696	COG0348
30697	COG0349
30699	COG0350
30700	COG0351
30701	COG0352
30702	COG0353
30703	COG0354
30704	COG0355
30705	COG0356
30706	COG0357
30707	COG0358
30708	COG0359
30709	COG0360
30710	COG0361
30711	COG0362
30712	COG0363
30713	COG0364
30714	COG0365
30715	COG0366
30716	COG0367
30717	COG0368
30718	COG0369
30719	COG0370
30720	COG0371
30721	COG0372
30722	COG0373
30723	COG0374
30724	COG0375
30725	COG0376
30726	COG0377
30727	COG0378
30728	COG0379
30729	COG0380
30730	COG0381
30731	COG0382
30732	COG0383
30733	COG0384
30734	COG0385
30735	COG0386
30736	COG0387
30737	COG0388
30738	COG0389
30739	COG0390
30740	COG0391
30741	COG0392
30742	COG0393
30743	COG0394
30744	COG0395
30745	COG0396
30746	COG0397
30747	COG0398
30748	COG0399
30749	COG0400
30750	COG0401
30751	COG0402
30752	COG0403
30753	COG0404
30754	COG0405
30755	COG0406
30756	COG0407
30757	COG0408
30758	COG0409
30759	COG0410
30760	COG0411
30761	COG0412
30762	COG0413
30763	COG0414
30764	COG0415
30765	COG0416
30766	COG0417
30767	COG0418
30768	COG0419
30769	COG0420
30770	COG0421
30771	COG0422
30772	COG0423
30773	COG0424
88622	COG0425
30775	COG0426
30776	COG0427
30777	COG0428
30778	COG0429
30779	COG0430
30780	COG0431
30781	COG0432
30782	COG0433
30783	COG0434
30784	COG0435
30785	COG0436
30786	COG0437
30787	COG0438
30788	COG0439
30789	COG0440
30790	COG0441
30791	COG0442
30792	COG0443
30793	COG0444
30794	COG0445
30795	COG0446
30796	COG0447
30797	COG0448
30798	COG0449
30799	COG0450
30800	COG0451
30801	COG0452
30802	COG0454
30803	COG0455
30804	COG0456
30805	COG0457
30806	COG0458
30807	COG0459
30808	COG0460
30809	COG0461
30810	COG0462
30811	COG0463
30812	COG0464
30813	COG0465
30814	COG0466
30815	COG0467
30816	COG0468
30817	COG0469
73174	COG0470
30819	COG0471
30820	COG0472
30821	COG0473
30822	COG0474
30823	COG0475
30824	COG0476
30825	COG0477
30826	COG0478
30827	COG0479
30828	COG0480
30829	COG0481
30830	COG0482
30831	COG0483
30832	COG0484
30833	COG0486
30834	COG0488
30835	COG0489
30836	COG0490
30837	COG0491
30838	COG0492
30839	COG0493
30840	COG0494
30841	COG0495
30842	COG0496
30843	COG0497
30844	COG0498
30845	COG0499
30846	COG0500
30847	COG0501
30848	COG0502
30849	COG0503
30850	COG0504
30851	COG0505
30852	COG0506
30853	COG0507
30854	COG0508
30855	COG0509
30856	COG0510
30857	COG0511
30858	COG0512
30859	COG0513
30860	COG0514
30861	COG0515
30862	COG0516
30863	COG0517
30864	COG0518
30865	COG0519
30866	COG0520
30867	COG0521
30868	COG0522
30869	COG0523
30870	COG0524
30871	COG0525
30872	COG0526
30873	COG0527
30874	COG0528
30875	COG0529
30876	COG0530
30877	COG0531
30878	COG0532
30879	COG0533
30880	COG0534
30881	COG0535
30882	COG0536
30883	COG0537
30884	COG0538
30885	COG0539
30886	COG0540
30887	COG0541
30888	COG0542
30889	COG0543
30890	COG0544
30891	COG0545
30892	COG0546
30893	COG0547
30894	COG0548
30895	COG0549
30896	COG0550
30897	COG0551
30898	COG0552
30899	COG0553
30900	COG0554
30901	COG0555
30902	COG0556
30903	COG0557
30904	COG0558
30905	COG0559
30906	COG0560
30907	COG0561
30908	COG0562
30909	COG0563
30910	COG0564
30911	COG0565
30912	COG0566
30913	COG0567
30914	COG0568
30915	COG0569
30916	COG0571
30917	COG0572
30918	COG0573
30919	COG0574
30920	COG0575
30921	COG0576
30922	COG0577
30923	COG0578
30924	COG0579
30925	COG0580
30926	COG0581
30927	COG0582
30928	COG0583
30929	COG0584
30930	COG0585
30931	COG0586
30932	COG0587
30933	COG0588
30934	COG0589
30935	COG0590
30936	COG0591
30937	COG0592
30938	COG0593
30939	COG0594
30940	COG0595
30941	COG0596
30942	COG0597
30943	COG0598
30944	COG0599
30945	COG0600
30946	COG0601
30947	COG0602
30948	COG0603
30949	COG0604
30950	COG0605
30951	COG0606
30952	COG0607
30953	COG0608
30954	COG0609
30955	COG0610
30956	COG0611
30957	COG0612
30958	COG0613
30959	COG0614
30960	COG0615
30961	COG0616
30962	COG0617
30963	COG0618
30964	COG0619
30965	COG0620
30966	COG0621
30967	COG0622
30968	COG0623
30969	COG0624
30970	COG0625
30971	COG0626
30972	COG0627
30973	COG0628
30974	COG0629
30975	COG0630
30976	COG0631
30977	COG0632
30978	COG0633
30979	COG0634
30980	COG0635
30981	COG0636
30982	COG0637
30983	COG0638
30984	COG0639
30985	COG0640
30986	COG0641
30987	COG0642
30988	COG0643
30989	COG0644
30990	COG0645
30991	COG0646
30992	COG0647
30993	COG0648
30994	COG0649
30995	COG0650
30996	COG0651
30997	COG0652
30998	COG0653
30999	COG0654
31000	COG0655
31001	COG0656
31002	COG0657
31003	COG0658
31004	COG0659
31005	COG0661
31006	COG0662
31007	COG0663
31008	COG0664
31009	COG0665
31010	COG0666
31011	COG0667
31012	COG0668
31013	COG0669
31014	COG0670
31015	COG0671
31016	COG0672
31017	COG0673
31018	COG0674
31019	COG0675
31020	COG0676
31021	COG0677
31022	COG0678
31023	COG0679
31024	COG0680
31025	COG0681
31026	COG0682
31027	COG0683
31028	COG0684
31029	COG0685
31030	COG0686
31031	COG0687
31032	COG0688
31033	COG0689
31034	COG0690
31035	COG0691
31036	COG0692
31037	COG0693
31038	COG0694
31039	COG0695
31040	COG0696
31041	COG0697
31042	COG0698
31043	COG0699
31044	COG0700
31045	COG0701
31046	COG0702
31047	COG0703
31048	COG0704
31049	COG0705
31050	COG0706
31051	COG0707
31052	COG0708
31053	COG0709
31054	COG0710
31055	COG0711
31056	COG0712
31057	COG0713
31058	COG0714
31059	COG0715
31060	COG0716
31061	COG0717
31062	COG0718
31063	COG0719
31064	COG0720
31065	COG0721
31066	COG0722
31067	COG0723
31068	COG0724
31069	COG0725
31070	COG0726
31071	COG0727
31072	COG0728
31073	COG0729
31074	COG0730
31075	COG0731
31076	COG0732
31077	COG0733
31078	COG0735
31079	COG0736
31080	COG0737
31081	COG0738
31082	COG0739
31083	COG0740
31084	COG0741
31085	COG0742
31086	COG0743
31087	COG0744
31088	COG0745
31089	COG0746
31090	COG0747
31091	COG0748
31092	COG0749
31093	COG0750
31094	COG0751
31095	COG0752
31096	COG0753
31097	COG0754
31098	COG0755
31099	COG0756
31100	COG0757
31101	COG0758
31102	COG0759
31103	COG0760
31104	COG0761
31105	COG0762
31106	COG0763
31107	COG0764
31108	COG0765
31109	COG0766
31110	COG0767
31111	COG0768
31112	COG0769
31113	COG0770
31114	COG0771
31115	COG0772
31116	COG0773
31117	COG0774
31118	COG0775
31119	COG0776
31120	COG0777
31121	COG0778
88623	COG0779
31123	COG0780
31124	COG0781
31125	COG0782
31126	COG0783
31127	COG0784
31128	COG0785
31129	COG0786
31130	COG0787
31131	COG0788
31132	COG0789
31133	COG0790
31134	COG0791
31135	COG0792
31136	COG0793
31137	COG0794
31138	COG0795
31139	COG0796
31140	COG0797
31141	COG0798
31142	COG0799
31143	COG0800
31144	COG0801
31145	COG0802
31146	COG0803
31147	COG0804
31148	COG0805
31149	COG0806
31150	COG0807
31151	COG0809
31152	COG0810
31153	COG0811
31154	COG0812
31155	COG0813
31156	COG0814
31157	COG0815
31158	COG0816
31159	COG0817
31160	COG0818
31161	COG0819
31162	COG0820
31163	COG0821
31164	COG0822
31165	COG0823
31166	COG0824
31167	COG0825
31168	COG0826
31169	COG0827
31170	COG0828
31171	COG0829
31172	COG0830
31173	COG0831
31174	COG0832
31175	COG0833
31176	COG0834
31177	COG0835
31178	COG0836
31179	COG0837
31180	COG0838
31181	COG0839
31182	COG0840
31183	COG0841
31184	COG0842
31185	COG0843
31186	COG0845
31187	COG0846
31188	COG0847
31189	COG0848
31190	COG0849
31191	COG0850
31192	COG0851
31193	COG0852
31194	COG0853
31195	COG0854
31196	COG0855
31197	COG0856
31198	COG0857
31199	COG0858
31200	COG0859
31201	COG0860
31202	COG0861
31203	COG0863
31204	COG0864
31205	COG1001
31206	COG1002
31207	COG1003
31208	COG1004
31209	COG1005
31210	COG1006
31211	COG1007
31212	COG1008
31213	COG1009
31214	COG1010
31215	COG1011
31216	COG1012
31217	COG1013
31218	COG1014
31219	COG1015
31220	COG1017
31221	COG1018
31222	COG1019
31223	COG1020
31224	COG1021
31225	COG1022
31226	COG1023
31227	COG1024
31228	COG1025
31229	COG1026
31230	COG1027
31231	COG1028
31232	COG1029
31233	COG1030
31234	COG1031
31235	COG1032
31236	COG1033
31237	COG1034
31238	COG1035
31239	COG1036
31240	COG1038
31241	COG1039
31242	COG1040
31243	COG1041
31244	COG1042
31245	COG1043
31246	COG1044
31247	COG1045
31248	COG1047
31249	COG1048
31250	COG1049
31251	COG1051
31252	COG1052
31253	COG1053
31254	COG1054
31255	COG1055
31256	COG1056
31257	COG1057
31258	COG1058
31259	COG1059
31260	COG1060
31261	COG1061
31262	COG1062
31263	COG1063
31264	COG1064
31265	COG1066
31266	COG1067
31267	COG1069
31268	COG1070
31269	COG1071
31270	COG1072
31271	COG1073
31272	COG1074
31273	COG1075
31274	COG1076
31275	COG1077
31276	COG1078
31277	COG1079
31278	COG1080
31279	COG1082
31280	COG1083
31281	COG1084
31282	COG1085
31283	COG1086
31284	COG1087
31285	COG1088
31286	COG1089
31287	COG1090
31288	COG1091
31289	COG1092
31290	COG1093
31291	COG1094
31292	COG1095
31293	COG1096
31294	COG1097
31295	COG1098
31296	COG1099
31297	COG1100
31298	COG1101
31299	COG1102
31300	COG1103
31301	COG1104
31302	COG1105
31303	COG1106
31304	COG1107
31305	COG1108
31306	COG1109
31307	COG1110
31308	COG1111
31309	COG1112
31310	COG1113
31311	COG1114
31312	COG1115
31313	COG1116
31314	COG1117
31315	COG1118
31316	COG1119
31317	COG1120
31318	COG1121
31319	COG1122
31320	COG1123
31321	COG1124
31322	COG1125
31323	COG1126
31324	COG1127
31325	COG1129
31326	COG1131
31327	COG1132
31328	COG1133
31329	COG1134
31330	COG1135
31331	COG1136
31332	COG1137
31333	COG1138
31334	COG1139
31335	COG1140
31336	COG1141
31337	COG1142
31338	COG1143
31339	COG1144
31340	COG1145
31341	COG1146
31342	COG1148
31343	COG1149
31344	COG1150
31345	COG1151
31346	COG1152
31347	COG1153
31348	COG1154
31349	COG1155
31350	COG1156
31351	COG1157
31352	COG1158
31353	COG1159
31354	COG1160
31355	COG1161
31356	COG1162
31357	COG1163
31358	COG1164
31359	COG1165
31360	COG1166
31361	COG1167
31362	COG1168
31363	COG1169
31364	COG1171
31365	COG1172
31366	COG1173
31367	COG1174
31368	COG1175
31369	COG1176
31370	COG1177
31371	COG1178
31372	COG1179
31373	COG1180
31374	COG1181
31375	COG1182
31376	COG1183
31377	COG1184
31378	COG1185
31379	COG1186
31380	COG1187
31381	COG1188
31382	COG1189
31383	COG1190
31384	COG1191
31385	COG1192
31386	COG1193
31387	COG1194
31388	COG1195
31389	COG1196
31390	COG1197
31391	COG1198
31392	COG1199
31393	COG1200
31394	COG1201
31395	COG1202
31396	COG1203
31397	COG1204
31398	COG1205
31399	COG1206
31400	COG1207
31401	COG1208
31402	COG1209
31403	COG1210
31404	COG1211
31405	COG1212
31406	COG1213
31407	COG1214
31408	COG1215
31409	COG1216
31410	COG1217
31411	COG1218
31412	COG1219
31413	COG1220
31414	COG1221
31415	COG1222
31416	COG1223
31417	COG1224
31418	COG1225
31419	COG1226
31420	COG1227
31421	COG1228
31422	COG1229
31423	COG1230
31424	COG1231
31425	COG1232
31426	COG1233
31427	COG1234
31428	COG1235
31429	COG1236
31430	COG1237
31431	COG1238
31432	COG1239
31433	COG1240
31434	COG1241
31435	COG1242
31436	COG1243
31437	COG1244
31438	COG1245
31439	COG1246
31440	COG1247
31441	COG1249
31442	COG1250
31443	COG1251
31444	COG1252
31445	COG1253
31446	COG1254
31447	COG1255
31448	COG1256
31449	COG1257
31450	COG1258
31451	COG1259
31452	COG1260
31453	COG1261
31454	COG1262
31455	COG1263
31456	COG1264
31457	COG1266
31458	COG1267
31459	COG1268
31460	COG1269
31461	COG1270
31462	COG1271
31463	COG1272
31464	COG1273
31465	COG1274
31466	COG1275
31467	COG1276
31468	COG1277
31469	COG1278
31470	COG1279
31471	COG1280
31472	COG1281
31473	COG1282
31474	COG1283
31475	COG1284
31476	COG1285
31477	COG1286
31478	COG1287
31479	COG1288
31480	COG1289
31481	COG1290
31482	COG1291
31483	COG1292
31484	COG1293
31485	COG1294
31486	COG1295
31487	COG1296
31488	COG1297
31489	COG1298
31490	COG1299
31491	COG1300
31492	COG1301
31493	COG1302
31494	COG1303
31495	COG1304
31496	COG1305
31497	COG1306
31498	COG1307
31499	COG1308
31500	COG1309
31501	COG1310
31502	COG1311
31503	COG1312
31504	COG1313
31505	COG1314
31506	COG1315
31507	COG1316
31508	COG1317
31509	COG1318
31510	COG1319
31511	COG1320
31512	COG1321
31513	COG1322
31514	COG1323
31515	COG1324
31516	COG1325
31517	COG1326
31518	COG1327
31519	COG1328
31520	COG1329
31521	COG1330
31522	COG1331
31523	COG1332
31524	COG1333
31525	COG1334
31526	COG1335
31527	COG1336
31528	COG1337
31529	COG1338
31530	COG1339
31531	COG1340
31532	COG1341
31533	COG1342
31534	COG1343
31535	COG1344
31536	COG1345
31537	COG1346
31538	COG1347
31539	COG1348
31540	COG1349
31541	COG1350
31542	COG1351
31543	COG1352
31544	COG1353
31545	COG1354
31546	COG1355
31547	COG1356
31548	COG1357
31549	COG1358
31550	COG1359
31551	COG1360
31552	COG1361
31553	COG1362
31554	COG1363
31555	COG1364
31556	COG1365
31557	COG1366
31558	COG1367
31559	COG1368
31560	COG1369
31561	COG1370
31562	COG1371
31563	COG1372
31564	COG1373
31565	COG1374
31566	COG1376
31567	COG1377
31568	COG1378
31569	COG1379
31570	COG1380
31571	COG1381
31572	COG1382
31573	COG1383
31574	COG1384
31575	COG1385
31576	COG1386
31577	COG1387
31578	COG1388
31579	COG1389
31580	COG1390
31581	COG1391
31582	COG1392
31583	COG1393
31584	COG1394
31585	COG1395
31586	COG1396
31587	COG1397
31588	COG1398
31589	COG1399
31590	COG1400
31591	COG1401
31592	COG1402
31593	COG1403
31594	COG1404
31595	COG1405
31596	COG1406
31597	COG1407
31598	COG1408
31599	COG1409
31600	COG1410
31601	COG1411
31602	COG1412
31603	COG1413
31604	COG1414
31605	COG1415
31606	COG1416
31607	COG1417
31608	COG1418
31609	COG1419
31610	COG1420
31611	COG1421
31612	COG1422
31613	COG1423
31614	COG1424
31615	COG1426
31616	COG1427
31617	COG1428
31618	COG1429
31619	COG1430
31620	COG1431
31621	COG1432
31622	COG1433
31623	COG1434
31624	COG1435
31625	COG1436
31626	COG1437
31627	COG1438
31628	COG1439
31629	COG1440
31630	COG1441
31631	COG1442
31632	COG1443
31633	COG1444
31634	COG1445
31635	COG1446
31636	COG1447
31637	COG1448
31638	COG1449
31639	COG1450
31640	COG1451
31641	COG1452
31642	COG1453
31643	COG1454
31644	COG1455
31645	COG1456
31646	COG1457
31647	COG1458
31648	COG1459
31649	COG1460
31650	COG1461
31651	COG1462
31652	COG1463
31653	COG1464
31654	COG1465
31655	COG1466
31656	COG1467
31657	COG1468
31658	COG1469
31659	COG1470
31660	COG1471
31661	COG1472
31662	COG1473
31663	COG1474
31664	COG1475
31665	COG1476
31666	COG1477
31667	COG1478
31668	COG1479
31669	COG1480
31670	COG1481
31671	COG1482
31672	COG1483
31673	COG1484
31674	COG1485
31675	COG1486
31676	COG1487
31677	COG1488
31678	COG1489
31679	COG1490
31680	COG1491
31681	COG1492
31682	COG1493
31683	COG1494
31684	COG1495
31685	COG1496
31686	COG1497
31687	COG1498
31688	COG1499
31689	COG1500
31690	COG1501
31691	COG1502
31692	COG1503
31693	COG1504
31694	COG1505
31695	COG1506
31696	COG1507
31697	COG1508
31698	COG1509
31699	COG1510
31700	COG1511
31701	COG1512
31702	COG1513
31703	COG1514
31704	COG1515
31705	COG1516
31706	COG1517
31707	COG1518
31708	COG1519
31709	COG1520
31710	COG1521
31711	COG1522
31712	COG1523
31713	COG1524
31714	COG1525
31715	COG1526
31716	COG1527
31717	COG1528
31718	COG1529
31719	COG1530
31720	COG1531
31721	COG1532
31722	COG1533
31723	COG1534
31724	COG1535
31725	COG1536
31726	COG1537
31727	COG1538
31728	COG1539
31729	COG1540
31730	COG1541
31731	COG1542
31732	COG1543
31733	COG1544
31734	COG1545
31735	COG1546
31736	COG1547
31737	COG1548
31738	COG1549
31739	COG1550
31740	COG1551
31741	COG1552
31742	COG1553
31743	COG1554
31744	COG1555
31745	COG1556
31746	COG1558
31747	COG1559
31748	COG1560
31749	COG1561
31750	COG1562
31751	COG1563
31752	COG1564
31753	COG1565
31754	COG1566
31755	COG1567
31756	COG1568
31757	COG1569
31758	COG1570
31759	COG1571
31760	COG1572
31761	COG1573
31762	COG1574
31763	COG1575
31764	COG1576
31765	COG1577
31766	COG1578
31767	COG1579
31768	COG1580
31769	COG1581
31770	COG1582
31771	COG1583
31772	COG1584
31773	COG1585
31774	COG1586
31775	COG1587
31776	COG1588
31777	COG1589
31778	COG1590
31779	COG1591
31780	COG1592
31781	COG1593
31782	COG1594
31783	COG1595
31784	COG1596
31785	COG1597
31786	COG1598
31787	COG1599
31788	COG1600
31789	COG1601
31790	COG1602
31791	COG1603
31792	COG1604
31793	COG1605
31794	COG1606
31795	COG1607
31796	COG1608
31797	COG1609
31798	COG1610
31799	COG1611
31800	COG1612
31801	COG1613
31802	COG1614
31803	COG1615
31804	COG1617
31805	COG1618
31806	COG1619
31807	COG1620
31808	COG1621
31809	COG1622
31810	COG1623
31811	COG1624
31812	COG1625
31813	COG1626
31814	COG1627
31815	COG1628
31816	COG1629
31817	COG1630
31818	COG1631
31819	COG1632
31820	COG1633
31821	COG1634
31822	COG1635
31823	COG1636
31824	COG1637
31825	COG1638
31826	COG1639
31827	COG1640
31828	COG1641
31829	COG1643
31830	COG1644
31831	COG1645
31832	COG1646
31833	COG1647
31834	COG1648
31835	COG1649
31836	COG1650
31837	COG1651
31838	COG1652
31839	COG1653
31840	COG1654
31841	COG1655
31842	COG1656
31843	COG1657
31844	COG1658
31845	COG1659
31846	COG1660
31847	COG1661
31848	COG1662
31849	COG1663
31850	COG1664
31851	COG1665
31852	COG1666
31853	COG1667
31854	COG1668
31855	COG1669
31856	COG1670
31857	COG1671
31858	COG1672
31859	COG1673
31860	COG1674
31861	COG1675
31862	COG1676
31863	COG1677
31864	COG1678
31865	COG1679
31866	COG1680
31867	COG1681
31868	COG1682
31869	COG1683
31870	COG1684
31871	COG1685
31872	COG1686
31873	COG1687
31874	COG1688
31875	COG1689
31876	COG1690
31877	COG1691
31878	COG1692
31879	COG1693
31880	COG1694
31881	COG1695
31882	COG1696
31883	COG1697
31884	COG1698
31885	COG1699
31886	COG1700
31887	COG1701
31888	COG1702
31889	COG1703
31890	COG1704
31891	COG1705
31892	COG1706
31893	COG1707
31894	COG1708
31895	COG1709
31896	COG1710
31897	COG1711
31898	COG1712
31899	COG1713
31900	COG1714
31901	COG1715
31902	COG1716
31903	COG1717
31904	COG1718
31905	COG1719
31906	COG1720
31907	COG1721
31908	COG1722
31909	COG1723
31910	COG1724
31911	COG1725
31912	COG1726
31913	COG1727
31914	COG1728
31915	COG1729
31916	COG1730
31917	COG1731
31918	COG1732
31919	COG1733
31920	COG1734
31921	COG1735
31922	COG1736
31923	COG1737
31924	COG1738
31925	COG1739
31926	COG1740
31927	COG1741
31928	COG1742
31929	COG1743
31930	COG1744
31931	COG1745
31932	COG1746
31933	COG1747
31934	COG1748
31935	COG1749
31936	COG1750
31937	COG1751
31938	COG1752
31939	COG1753
31940	COG1754
31941	COG1755
31942	COG1756
31943	COG1757
31944	COG1758
31945	COG1759
31946	COG1760
31947	COG1761
31948	COG1762
31949	COG1763
31950	COG1764
31951	COG1765
31952	COG1766
31953	COG1767
31954	COG1768
31955	COG1769
31956	COG1770
31957	COG1771
31958	COG1772
31959	COG1773
31960	COG1774
31961	COG1775
31962	COG1776
31963	COG1777
31964	COG1778
31965	COG1779
31966	COG1780
31967	COG1781
31968	COG1782
31969	COG1783
31970	COG1784
31971	COG1785
31972	COG1786
31973	COG1787
31974	COG1788
31975	COG1790
31976	COG1791
31977	COG1792
31978	COG1793
31979	COG1794
31980	COG1795
31981	COG1796
31982	COG1797
31983	COG1798
31984	COG1799
31985	COG1800
31986	COG1801
31987	COG1802
31988	COG1803
31989	COG1804
31990	COG1805
31991	COG1806
31992	COG1807
31993	COG1808
31994	COG1809
31995	COG1810
31996	COG1811
31997	COG1812
31998	COG1813
31999	COG1814
32000	COG1815
32001	COG1816
32002	COG1817
32003	COG1818
32004	COG1819
32005	COG1820
32006	COG1821
32007	COG1822
32008	COG1823
32009	COG1824
32010	COG1825
32011	COG1826
32012	COG1827
32013	COG1828
32014	COG1829
32015	COG1830
32016	COG1831
32017	COG1832
32018	COG1833
32019	COG1834
32020	COG1835
32021	COG1836
32022	COG1837
32023	COG1838
32024	COG1839
32025	COG1840
32026	COG1841
32027	COG1842
32028	COG1843
32029	COG1844
32030	COG1845
32031	COG1846
32032	COG1847
32033	COG1848
32034	COG1849
32035	COG1850
32036	COG1851
32037	COG1852
32038	COG1853
32039	COG1854
32040	COG1855
32041	COG1856
32042	COG1857
32043	COG1858
32044	COG1859
32045	COG1860
32046	COG1861
32047	COG1862
32048	COG1863
32049	COG1864
32050	COG1865
32051	COG1866
32052	COG1867
32053	COG1868
32054	COG1869
32055	COG1871
32056	COG1872
32057	COG1873
32058	COG1874
32059	COG1875
32060	COG1876
32061	COG1877
32062	COG1878
32063	COG1879
32064	COG1880
32065	COG1881
32066	COG1882
32067	COG1883
32068	COG1884
32069	COG1885
32070	COG1886
32071	COG1887
32072	COG1888
32073	COG1889
32074	COG1890
32075	COG1891
32076	COG1892
32077	COG1893
32078	COG1894
32079	COG1895
32080	COG1896
32081	COG1897
32082	COG1898
32083	COG1899
32084	COG1900
32085	COG1901
32086	COG1902
32087	COG1903
32088	COG1904
32089	COG1905
32090	COG1906
32091	COG1907
32092	COG1908
32093	COG1909
32094	COG1910
32095	COG1911
32096	COG1912
32097	COG1913
32098	COG1914
32099	COG1915
32100	COG1916
32101	COG1917
32102	COG1918
32103	COG1920
32104	COG1921
32105	COG1922
32106	COG1923
32107	COG1924
32108	COG1925
32109	COG1926
32110	COG1927
32111	COG1928
32112	COG1929
32113	COG1930
32114	COG1931
32115	COG1932
32116	COG1933
32117	COG1934
32118	COG1935
32119	COG1936
32120	COG1937
32121	COG1938
32122	COG1939
32123	COG1940
32124	COG1941
32125	COG1942
32126	COG1943
32127	COG1944
32128	COG1945
32129	COG1946
32130	COG1947
32131	COG1948
32132	COG1949
32133	COG1950
32134	COG1951
32135	COG1952
32136	COG1953
32137	COG1954
32138	COG1955
32139	COG1956
32140	COG1957
32141	COG1958
32142	COG1959
32143	COG1960
32144	COG1961
32145	COG1962
32146	COG1963
73175	COG1964
32148	COG1965
32149	COG1966
32150	COG1967
32151	COG1968
32152	COG1969
32153	COG1970
32154	COG1971
32155	COG1972
32156	COG1973
32157	COG1974
32158	COG1975
32159	COG1976
32160	COG1977
32161	COG1978
32162	COG1979
32163	COG1980
32164	COG1981
32165	COG1982
32166	COG1983
32167	COG1984
32168	COG1985
32169	COG1986
32170	COG1987
32171	COG1988
32172	COG1989
32173	COG1990
32174	COG1991
32175	COG1992
32176	COG1993
32177	COG1994
32178	COG1995
32179	COG1996
32180	COG1997
32181	COG1998
32182	COG1999
32183	COG2000
32184	COG2001
32185	COG2002
32186	COG2003
32187	COG2004
32188	COG2005
32189	COG2006
32190	COG2007
32191	COG2008
32192	COG2009
32193	COG2010
32194	COG2011
32195	COG2012
32196	COG2013
32197	COG2014
32198	COG2015
32199	COG2016
32200	COG2017
32201	COG2018
32202	COG2019
32203	COG2020
32204	COG2021
32205	COG2022
32206	COG2023
32207	COG2024
32208	COG2025
32209	COG2026
32210	COG2027
32211	COG2028
32212	COG2029
32213	COG2030
32214	COG2031
32215	COG2032
32216	COG2033
32217	COG2034
32218	COG2035
32219	COG2036
32220	COG2037
32221	COG2038
32222	COG2039
32223	COG2040
32224	COG2041
32225	COG2042
32226	COG2043
32227	COG2044
32228	COG2045
32229	COG2046
32230	COG2047
32231	COG2048
32232	COG2049
32233	COG2050
32234	COG2051
32235	COG2052
32236	COG2053
32237	COG2054
32238	COG2055
32239	COG2056
32240	COG2057
32241	COG2058
32242	COG2059
32243	COG2060
32244	COG2061
32245	COG2062
32246	COG2063
32247	COG2064
32248	COG2065
32249	COG2066
32250	COG2067
32251	COG2068
32252	COG2069
32253	COG2070
32254	COG2071
32255	COG2072
32256	COG2073
32257	COG2074
32258	COG2075
32259	COG2076
32260	COG2077
32261	COG2078
32262	COG2079
32263	COG2080
32264	COG2081
32265	COG2082
32266	COG2083
32267	COG2084
32268	COG2085
32269	COG2086
32270	COG2087
32271	COG2088
32272	COG2089
32273	COG2090
32274	COG2091
32275	COG2092
32276	COG2093
32277	COG2094
32278	COG2095
32279	COG2096
32280	COG2097
32281	COG2098
32282	COG2099
32283	COG2100
32284	COG2101
32285	COG2102
32286	COG2103
88624	COG2104
32288	COG2105
32289	COG2106
32290	COG2107
32291	COG2108
32292	COG2109
32293	COG2110
32294	COG2111
32295	COG2112
32296	COG2113
32297	COG2114
32298	COG2115
32299	COG2116
32300	COG2117
32301	COG2118
32302	COG2119
32303	COG2120
32304	COG2121
32305	COG2122
32306	COG2123
32307	COG2124
32308	COG2125
32309	COG2126
32310	COG2127
32311	COG2128
32312	COG2129
32313	COG2130
32314	COG2131
32315	COG2132
32316	COG2133
32317	COG2134
32318	COG2135
32319	COG2136
32320	COG2137
32321	COG2138
32322	COG2139
32323	COG2140
32324	COG2141
32325	COG2142
32326	COG2143
32327	COG2144
32328	COG2145
32329	COG2146
32330	COG2147
32331	COG2148
32332	COG2149
32333	COG2150
32334	COG2151
32335	COG2152
32336	COG2153
32337	COG2154
32338	COG2155
32339	COG2156
32340	COG2157
32341	COG2158
32342	COG2159
32343	COG2160
32344	COG2161
32345	COG2162
32346	COG2163
32347	COG2164
32348	COG2165
32349	COG2166
32350	COG2167
32351	COG2168
32352	COG2169
32353	COG2170
32354	COG2171
32355	COG2172
32356	COG2173
32357	COG2174
32358	COG2175
32359	COG2176
32360	COG2177
32361	COG2178
32362	COG2179
32363	COG2180
32364	COG2181
32365	COG2182
32366	COG2183
32367	COG2184
32368	COG2185
32369	COG2186
32370	COG2187
32371	COG2188
32372	COG2189
32373	COG2190
32374	COG2191
32375	COG2192
32376	COG2193
32377	COG2194
32378	COG2195
32379	COG2197
32380	COG2198
32381	COG2199
32382	COG2200
32383	COG2201
32384	COG2202
32385	COG2203
32386	COG2204
32387	COG2205
32388	COG2206
32389	COG2207
32390	COG2208
32391	COG2209
32392	COG2210
32393	COG2211
32394	COG2212
32395	COG2213
32396	COG2214
32397	COG2215
32398	COG2216
32399	COG2217
32400	COG2218
32401	COG2219
32402	COG2220
32403	COG2221
32404	COG2222
32405	COG2223
32406	COG2224
32407	COG2225
32408	COG2226
32409	COG2227
32410	COG2229
32411	COG2230
32412	COG2231
32413	COG2232
32414	COG2233
32415	COG2234
32416	COG2235
32417	COG2236
32418	COG2237
32419	COG2238
32420	COG2239
32421	COG2240
32422	COG2241
32423	COG2242
32424	COG2243
32425	COG2244
32426	COG2245
32427	COG2246
32428	COG2247
32429	COG2248
32430	COG2249
32431	COG2250
32432	COG2251
32433	COG2252
32434	COG2253
32435	COG2254
32436	COG2255
32437	COG2256
32438	COG2257
32439	COG2258
32440	COG2259
32441	COG2260
32442	COG2261
32443	COG2262
32444	COG2263
32445	COG2264
32446	COG2265
32447	COG2266
32448	COG2267
32449	COG2268
32450	COG2269
32451	COG2270
32452	COG2271
32453	COG2272
32454	COG2273
32455	COG2274
32456	COG2301
32457	COG2302
32458	COG2303
32459	COG2304
32460	COG2306
32461	COG2307
32462	COG2308
32463	COG2309
32464	COG2310
32465	COG2311
32466	COG2312
32467	COG2313
32468	COG2314
32469	COG2315
32470	COG2316
32471	COG2317
32472	COG2318
32473	COG2319
32474	COG2320
32475	COG2321
32476	COG2322
32477	COG2323
32478	COG2324
32479	COG2326
32480	COG2327
32481	COG2329
32482	COG2331
32483	COG2332
32484	COG2333
32485	COG2334
32486	COG2335
32487	COG2336
32488	COG2337
32489	COG2339
32490	COG2340
32491	COG2342
32492	COG2343
32493	COG2344
32494	COG2345
32495	COG2346
32496	COG2348
32497	COG2350
32498	COG2351
32499	COG2352
32500	COG2353
32501	COG2354
32502	COG2355
32503	COG2356
32504	COG2357
32505	COG2358
32506	COG2359
32507	COG2360
32508	COG2361
32509	COG2362
32510	COG2363
32511	COG2364
32512	COG2365
32513	COG2366
32514	COG2367
32515	COG2368
32516	COG2369
32517	COG2370
32518	COG2371
32519	COG2372
32520	COG2373
32521	COG2374
32522	COG2375
32523	COG2376
32524	COG2377
32525	COG2378
32526	COG2379
32527	COG2380
32528	COG2382
32529	COG2383
32530	COG2384
32531	COG2385
32532	COG2386
32533	COG2388
32534	COG2389
32535	COG2390
32536	COG2391
32537	COG2401
32538	COG2402
32539	COG2403
32540	COG2404
32541	COG2405
32542	COG2406
32543	COG2407
32544	COG2409
32545	COG2410
32546	COG2411
32547	COG2412
32548	COG2413
32549	COG2414
32550	COG2419
32551	COG2421
32552	COG2423
32553	COG2425
32554	COG2426
32555	COG2427
32556	COG2428
32557	COG2429
32558	COG2430
32559	COG2431
32560	COG2433
32561	COG2440
32562	COG2441
32563	COG2442
32564	COG2443
32565	COG2445
32566	COG2450
32567	COG2451
32568	COG2452
32569	COG2453
32570	COG2454
32571	COG2456
32572	COG2457
32573	COG2461
32574	COG2469
32575	COG2501
32576	COG2502
32577	COG2503
32578	COG2508
32579	COG2509
32580	COG2510
32581	COG2511
32582	COG2512
32583	COG2513
32584	COG2514
32585	COG2515
32586	COG2516
32587	COG2517
32588	COG2518
32589	COG2519
32590	COG2520
32591	COG2521
32592	COG2522
32593	COG2524
32594	COG2602
32595	COG2603
32596	COG2604
32597	COG2605
32598	COG2606
32599	COG2607
32600	COG2608
32601	COG2609
32602	COG2610
32603	COG2703
32604	COG2704
32605	COG2706
32606	COG2707
32607	COG2710
32608	COG2715
32609	COG2716
32610	COG2717
32611	COG2718
32612	COG2719
32613	COG2720
32614	COG2721
32615	COG2723
32616	COG2730
32617	COG2731
32618	COG2732
32619	COG2733
32620	COG2738
32621	COG2739
32622	COG2740
32623	COG2746
32624	COG2747
32625	COG2755
32626	COG2759
32627	COG2761
32628	COG2764
32629	COG2766
32630	COG2768
32631	COG2770
32632	COG2771
32633	COG2801
32634	COG2802
32635	COG2804
32636	COG2805
32637	COG2807
32638	COG2808
32639	COG2810
32640	COG2811
32641	COG2812
32642	COG2813
32643	COG2814
32644	COG2815
32645	COG2816
32646	COG2818
32647	COG2819
32648	COG2820
32649	COG2821
32650	COG2822
32651	COG2823
32652	COG2824
32653	COG2825
32654	COG2826
32655	COG2827
32656	COG2828
32657	COG2829
32658	COG2830
32659	COG2831
32660	COG2832
32661	COG2833
32662	COG2834
32663	COG2835
32664	COG2836
32665	COG2837
32666	COG2838
32667	COG2839
32668	COG2840
32669	COG2841
32670	COG2842
32671	COG2843
32672	COG2844
32673	COG2845
32674	COG2846
32675	COG2847
32676	COG2848
32677	COG2849
32678	COG2850
32679	COG2851
32680	COG2852
32681	COG2853
32682	COG2854
32683	COG2855
32684	COG2856
32685	COG2857
32686	COG2859
32687	COG2860
32688	COG2861
32689	COG2862
32690	COG2863
32691	COG2864
32692	COG2865
32693	COG2866
32694	COG2867
32695	COG2868
32696	COG2869
32697	COG2870
32698	COG2871
32699	COG2872
32700	COG2873
32701	COG2874
32702	COG2875
32703	COG2876
32704	COG2877
32705	COG2878
32706	COG2879
32707	COG2880
32708	COG2881
32709	COG2882
32710	COG2884
32711	COG2885
32712	COG2886
32713	COG2887
32714	COG2888
32715	COG2890
32716	COG2891
32717	COG2892
32718	COG2893
32719	COG2894
32720	COG2895
32721	COG2896
32722	COG2897
32723	COG2898
32724	COG2899
32725	COG2900
32726	COG2901
32727	COG2902
32728	COG2904
32729	COG2905
32730	COG2906
32731	COG2907
32732	COG2908
32733	COG2909
32734	COG2910
32735	COG2911
32736	COG2912
32737	COG2913
32738	COG2914
32739	COG2915
32740	COG2916
32741	COG2917
32742	COG2918
32743	COG2919
32744	COG2920
32745	COG2921
32746	COG2922
32747	COG2923
32748	COG2924
32749	COG2925
32750	COG2926
32751	COG2927
32752	COG2928
32753	COG2929
32754	COG2930
32755	COG2931
32756	COG2932
32757	COG2933
32758	COG2935
32759	COG2936
32760	COG2937
32761	COG2938
32762	COG2939
32763	COG2940
32764	COG2941
32765	COG2942
32766	COG2943
32767	COG2944
32768	COG2945
32769	COG2946
32770	COG2947
32771	COG2948
32772	COG2949
32773	COG2951
32774	COG2952
32775	COG2954
32776	COG2956
32777	COG2957
32778	COG2958
32779	COG2959
32780	COG2960
32781	COG2961
32782	COG2962
32783	COG2963
32784	COG2964
32785	COG2965
32786	COG2966
32787	COG2967
32788	COG2968
32789	COG2969
32790	COG2971
32791	COG2972
32792	COG2973
32793	COG2974
32794	COG2975
32795	COG2976
32796	COG2977
32797	COG2978
32798	COG2979
32799	COG2980
32800	COG2981
32801	COG2982
32802	COG2983
32803	COG2984
32804	COG2985
32805	COG2986
32806	COG2987
32807	COG2988
32808	COG2989
32809	COG2990
32810	COG2991
32811	COG2992
32812	COG2993
32813	COG2994
32814	COG2995
32815	COG2996
32816	COG2998
32817	COG2999
32818	COG3000
32819	COG3001
32820	COG3002
32821	COG3004
32822	COG3005
32823	COG3006
32824	COG3007
32825	COG3008
32826	COG3009
32827	COG3010
32828	COG3011
32829	COG3012
32830	COG3013
32831	COG3014
32832	COG3015
32833	COG3016
32834	COG3017
32835	COG3018
32836	COG3019
32837	COG3021
32838	COG3022
32839	COG3023
32840	COG3024
32841	COG3025
32842	COG3026
32843	COG3027
32844	COG3028
32845	COG3029
32846	COG3030
32847	COG3031
32848	COG3033
32849	COG3034
32850	COG3036
32851	COG3037
32852	COG3038
32853	COG3039
32854	COG3040
32855	COG3041
32856	COG3042
32857	COG3043
32858	COG3044
32859	COG3045
32860	COG3046
32861	COG3047
32862	COG3048
32863	COG3049
32864	COG3050
32865	COG3051
32866	COG3052
32867	COG3053
32868	COG3054
32869	COG3055
32870	COG3056
32871	COG3057
32872	COG3058
32873	COG3059
32874	COG3060
32875	COG3061
32876	COG3062
32877	COG3063
32878	COG3064
32879	COG3065
32880	COG3066
32881	COG3067
32882	COG3068
32883	COG3069
32884	COG3070
32885	COG3071
32886	COG3072
32887	COG3073
32888	COG3074
32889	COG3075
32890	COG3076
32891	COG3077
32892	COG3078
32893	COG3079
32894	COG3080
32895	COG3081
32896	COG3082
32897	COG3083
32898	COG3084
32899	COG3085
32900	COG3086
32901	COG3087
32902	COG3088
32903	COG3089
32904	COG3090
32905	COG3091
32906	COG3092
32907	COG3093
32908	COG3094
32909	COG3095
32910	COG3096
32911	COG3097
32912	COG3098
32913	COG3099
32914	COG3100
32915	COG3101
32916	COG3102
32917	COG3103
32918	COG3104
32919	COG3105
32920	COG3106
32921	COG3107
32922	COG3108
32923	COG3109
32924	COG3110
32925	COG3111
32926	COG3112
32927	COG3113
32928	COG3114
32929	COG3115
32930	COG3116
32931	COG3117
32932	COG3118
32933	COG3119
32934	COG3120
32935	COG3121
32936	COG3122
32937	COG3123
32938	COG3124
32939	COG3125
32940	COG3126
32941	COG3127
32942	COG3128
32943	COG3129
32944	COG3130
32945	COG3131
32946	COG3132
32947	COG3133
32948	COG3134
32949	COG3135
32950	COG3136
32951	COG3137
32952	COG3138
32953	COG3139
32954	COG3140
32955	COG3141
32956	COG3142
32957	COG3143
32958	COG3144
32959	COG3145
32960	COG3146
32961	COG3147
32962	COG3148
32963	COG3149
32964	COG3150
32965	COG3151
32966	COG3152
32967	COG3153
32968	COG3154
32969	COG3155
32970	COG3156
32971	COG3157
32972	COG3158
32973	COG3159
32974	COG3160
32975	COG3161
32976	COG3162
32977	COG3164
32978	COG3165
32979	COG3166
32980	COG3167
32981	COG3168
32982	COG3169
32983	COG3170
32984	COG3171
32985	COG3172
32986	COG3173
32987	COG3174
32988	COG3175
32989	COG3176
32990	COG3177
32991	COG3178
32992	COG3179
32993	COG3180
32994	COG3181
32995	COG3182
32996	COG3183
32997	COG3184
32998	COG3185
32999	COG3186
33000	COG3187
33001	COG3188
33002	COG3189
33003	COG3190
33004	COG3191
33005	COG3192
33006	COG3193
33007	COG3194
33008	COG3195
33009	COG3196
33010	COG3197
33011	COG3198
33012	COG3199
33013	COG3200
33014	COG3201
33015	COG3202
33016	COG3203
33017	COG3204
33018	COG3205
33019	COG3206
33020	COG3207
33021	COG3208
33022	COG3209
33023	COG3210
33024	COG3211
33025	COG3212
33026	COG3213
33027	COG3214
33028	COG3215
33029	COG3216
33030	COG3217
33031	COG3218
33032	COG3219
33033	COG3220
33034	COG3221
33035	COG3222
33036	COG3223
33037	COG3224
33038	COG3225
33039	COG3226
33040	COG3227
33041	COG3228
33042	COG3230
33043	COG3231
33044	COG3232
33045	COG3233
33046	COG3234
33047	COG3235
33048	COG3236
33049	COG3237
33050	COG3238
33051	COG3239
33052	COG3240
33053	COG3241
33054	COG3242
33055	COG3243
33056	COG3245
33057	COG3246
33058	COG3247
33059	COG3248
33060	COG3249
33061	COG3250
33062	COG3251
33063	COG3252
33064	COG3253
33065	COG3254
33066	COG3255
33067	COG3256
33068	COG3257
33069	COG3258
33070	COG3259
33071	COG3260
33072	COG3261
33073	COG3262
33074	COG3263
33075	COG3264
33076	COG3265
33077	COG3266
33078	COG3267
33079	COG3268
33080	COG3269
33081	COG3270
33082	COG3271
33083	COG3272
33084	COG3273
33085	COG3274
33086	COG3275
33087	COG3276
33088	COG3277
33089	COG3278
33090	COG3279
33091	COG3280
33092	COG3281
33093	COG3283
33094	COG3284
33095	COG3285
33096	COG3286
33097	COG3287
33098	COG3288
33099	COG3290
33100	COG3291
33101	COG3292
33102	COG3293
33103	COG3294
33104	COG3295
33105	COG3296
33106	COG3297
73176	COG3298
33108	COG3299
33109	COG3300
33110	COG3301
33111	COG3302
33112	COG3303
33113	COG3304
33114	COG3305
33115	COG3306
33116	COG3307
33117	COG3308
33118	COG3309
33119	COG3310
33120	COG3311
33121	COG3312
33122	COG3313
33123	COG3314
33124	COG3315
33125	COG3316
33126	COG3317
33127	COG3318
33128	COG3319
33129	COG3320
33130	COG3321
33131	COG3322
33132	COG3323
33133	COG3324
33134	COG3325
33135	COG3326
33136	COG3327
33137	COG3328
33138	COG3329
33139	COG3330
33140	COG3331
33141	COG3332
33142	COG3333
33143	COG3334
33144	COG3335
33145	COG3336
33146	COG3337
33147	COG3338
33148	COG3339
33149	COG3340
33150	COG3341
33151	COG3342
33152	COG3343
33153	COG3344
33154	COG3345
33155	COG3346
33156	COG3347
33157	COG3349
33158	COG3350
33159	COG3351
33160	COG3352
33161	COG3353
33162	COG3354
33163	COG3355
33164	COG3356
33165	COG3357
33166	COG3358
33167	COG3359
33168	COG3360
33169	COG3361
33170	COG3363
33171	COG3364
33172	COG3365
33173	COG3366
33174	COG3367
33175	COG3368
33176	COG3369
33177	COG3370
33178	COG3371
33179	COG3372
33180	COG3373
33181	COG3374
33182	COG3375
33183	COG3376
33184	COG3377
33185	COG3378
33186	COG3379
33187	COG3380
33188	COG3381
33189	COG3382
33190	COG3383
33191	COG3384
33192	COG3385
33193	COG3386
33194	COG3387
33195	COG3388
33196	COG3389
33197	COG3390
33198	COG3391
33199	COG3392
33200	COG3393
33201	COG3394
33202	COG3395
33203	COG3396
33204	COG3397
33205	COG3398
33206	COG3399
33207	COG3400
33208	COG3401
33209	COG3402
33210	COG3403
33211	COG3404
33212	COG3405
33213	COG3407
33214	COG3408
33215	COG3409
33216	COG3410
33217	COG3411
33218	COG3412
33219	COG3413
33220	COG3414
33221	COG3415
33222	COG3416
33223	COG3417
33224	COG3418
33225	COG3419
33226	COG3420
33227	COG3421
33228	COG3422
33229	COG3423
33230	COG3424
33231	COG3425
33232	COG3426
33233	COG3427
33234	COG3428
33235	COG3429
33236	COG3430
33237	COG3431
33238	COG3432
33239	COG3433
33240	COG3434
33241	COG3435
33242	COG3436
33243	COG3437
33244	COG3439
33245	COG3440
33246	COG3442
33247	COG3443
33248	COG3444
33249	COG3445
33250	COG3447
33251	COG3448
33252	COG3449
33253	COG3450
33254	COG3451
33255	COG3452
33256	COG3453
33257	COG3454
33258	COG3455
33259	COG3456
33260	COG3457
33261	COG3458
33262	COG3459
33263	COG3460
33264	COG3461
33265	COG3462
33266	COG3463
33267	COG3464
33268	COG3465
33269	COG3466
33270	COG3467
73177	COG3468
33272	COG3469
33273	COG3470
33274	COG3471
33275	COG3472
33276	COG3473
33277	COG3474
33278	COG3475
33279	COG3476
33280	COG3477
33281	COG3478
33282	COG3479
33283	COG3480
33284	COG3481
33285	COG3482
33286	COG3483
33287	COG3484
33288	COG3485
33289	COG3486
33290	COG3487
33291	COG3488
33292	COG3489
33293	COG3490
33294	COG3491
33295	COG3492
33296	COG3493
33297	COG3494
33298	COG3495
33299	COG3496
33300	COG3497
33301	COG3498
33302	COG3499
33303	COG3500
33304	COG3501
33305	COG3502
33306	COG3503
33307	COG3504
33308	COG3505
33309	COG3506
33310	COG3507
33311	COG3508
33312	COG3509
33313	COG3510
33314	COG3511
33315	COG3512
33316	COG3513
33317	COG3514
33318	COG3515
33319	COG3516
33320	COG3517
33321	COG3518
33322	COG3519
33323	COG3520
33324	COG3521
33325	COG3522
33326	COG3523
33327	COG3524
33328	COG3525
33329	COG3526
33330	COG3527
33331	COG3528
33332	COG3529
33333	COG3530
33334	COG3531
33335	COG3533
33336	COG3534
33337	COG3535
33338	COG3536
33339	COG3537
33340	COG3538
33341	COG3539
33342	COG3540
33343	COG3541
33344	COG3542
33345	COG3543
33346	COG3544
33347	COG3545
33348	COG3546
33349	COG3547
33350	COG3548
33351	COG3549
33352	COG3550
33353	COG3551
33354	COG3552
33355	COG3553
33356	COG3554
33357	COG3555
33358	COG3556
33359	COG3557
33360	COG3558
33361	COG3559
33362	COG3560
33363	COG3561
33364	COG3562
33365	COG3563
33366	COG3564
33367	COG3565
33368	COG3566
33369	COG3567
33370	COG3568
33371	COG3569
33372	COG3570
33373	COG3571
33374	COG3572
33375	COG3573
33376	COG3575
33377	COG3576
33378	COG3577
33379	COG3579
33380	COG3580
33381	COG3581
33382	COG3582
33383	COG3583
33384	COG3584
33385	COG3585
33386	COG3586
33387	COG3587
33388	COG3588
33389	COG3589
33390	COG3590
33391	COG3591
33392	COG3592
33393	COG3593
33394	COG3594
33395	COG3595
33396	COG3596
33397	COG3597
33398	COG3598
33399	COG3599
33400	COG3600
33401	COG3601
33402	COG3602
33403	COG3603
33404	COG3604
33405	COG3605
33406	COG3607
33407	COG3608
33408	COG3609
33409	COG3610
33410	COG3611
33411	COG3612
33412	COG3613
33413	COG3614
33414	COG3615
33415	COG3616
33416	COG3617
33417	COG3618
33418	COG3619
33419	COG3620
33420	COG3621
33421	COG3622
33422	COG3623
33423	COG3624
33424	COG3625
33425	COG3626
33426	COG3627
33427	COG3628
33428	COG3629
33429	COG3630
33430	COG3631
33431	COG3633
33432	COG3634
33433	COG3635
33434	COG3636
33435	COG3637
33436	COG3638
33437	COG3639
33438	COG3640
33439	COG3641
33440	COG3642
33441	COG3643
33442	COG3644
33443	COG3645
33444	COG3646
33445	COG3647
33446	COG3648
33447	COG3649
33448	COG3650
33449	COG3651
33450	COG3652
33451	COG3653
33452	COG3654
33453	COG3655
33454	COG3656
33455	COG3657
33456	COG3658
33457	COG3659
33458	COG3660
33459	COG3661
33460	COG3662
33461	COG3663
33462	COG3664
33463	COG3665
33464	COG3666
33465	COG3667
33466	COG3668
33467	COG3669
33468	COG3670
33469	COG3671
33470	COG3672
33471	COG3673
33472	COG3675
33473	COG3676
33474	COG3677
33475	COG3678
33476	COG3679
33477	COG3680
33478	COG3681
33479	COG3682
33480	COG3683
33481	COG3684
33482	COG3685
33483	COG3686
33484	COG3687
33485	COG3688
33486	COG3689
33487	COG3691
33488	COG3692
33489	COG3693
33490	COG3694
33491	COG3695
33492	COG3696
33493	COG3697
33494	COG3698
33495	COG3700
33496	COG3701
33497	COG3702
33498	COG3703
33499	COG3704
33500	COG3705
33501	COG3706
33502	COG3707
33503	COG3708
33504	COG3709
33505	COG3710
33506	COG3711
33507	COG3712
33508	COG3713
33509	COG3714
33510	COG3715
33511	COG3716
33512	COG3717
33513	COG3718
33514	COG3719
33515	COG3720
33516	COG3721
33517	COG3722
33518	COG3723
33519	COG3724
33520	COG3725
33521	COG3726
33522	COG3727
33523	COG3728
33524	COG3729
33525	COG3730
33526	COG3731
33527	COG3732
33528	COG3733
33529	COG3734
33530	COG3735
33531	COG3736
33532	COG3737
33533	COG3738
33534	COG3739
33535	COG3740
33536	COG3741
33537	COG3742
33538	COG3743
33539	COG3744
33540	COG3745
33541	COG3746
33542	COG3747
33543	COG3748
33544	COG3749
33545	COG3750
33546	COG3751
33547	COG3752
33548	COG3753
33549	COG3754
33550	COG3755
33551	COG3756
33552	COG3757
33553	COG3758
33554	COG3759
33555	COG3760
33556	COG3761
33557	COG3762
33558	COG3763
33559	COG3764
33560	COG3765
33561	COG3766
33562	COG3767
33563	COG3768
33564	COG3769
33565	COG3770
33566	COG3771
33567	COG3772
33568	COG3773
33569	COG3774
33570	COG3775
33571	COG3776
33572	COG3777
33573	COG3778
33574	COG3779
33575	COG3780
33576	COG3781
33577	COG3782
33578	COG3783
33579	COG3784
33580	COG3785
33581	COG3786
33582	COG3787
33583	COG3788
33584	COG3789
33585	COG3790
33586	COG3791
33587	COG3792
33588	COG3793
33589	COG3794
33590	COG3795
33591	COG3797
33592	COG3798
33593	COG3799
33594	COG3800
33595	COG3801
33596	COG3802
33597	COG3803
33598	COG3804
33599	COG3805
33600	COG3806
33601	COG3807
33602	COG3808
33603	COG3809
33604	COG3811
33605	COG3812
33606	COG3813
33607	COG3814
33608	COG3815
33609	COG3816
33610	COG3817
33611	COG3818
33612	COG3819
33613	COG3820
33614	COG3821
33615	COG3822
33616	COG3823
33617	COG3824
33618	COG3825
33619	COG3826
33620	COG3827
33621	COG3828
33622	COG3829
33623	COG3830
33624	COG3831
33625	COG3832
33626	COG3833
33627	COG3835
33628	COG3836
33629	COG3837
33630	COG3838
33631	COG3839
33632	COG3840
33633	COG3842
33634	COG3843
33635	COG3844
33636	COG3845
33637	COG3846
33638	COG3847
33639	COG3848
33640	COG3850
33641	COG3851
33642	COG3852
33643	COG3853
33644	COG3854
33645	COG3855
33646	COG3856
33647	COG3857
33648	COG3858
33649	COG3859
33650	COG3860
33651	COG3861
33652	COG3862
33653	COG3863
33654	COG3864
33655	COG3865
33656	COG3866
33657	COG3867
33658	COG3868
33659	COG3869
33660	COG3870
33661	COG3871
33662	COG3872
33663	COG3874
33664	COG3875
33665	COG3876
33666	COG3877
33667	COG3878
33668	COG3879
33669	COG3880
33670	COG3881
33671	COG3882
33672	COG3883
33673	COG3884
33674	COG3885
33675	COG3886
33676	COG3887
33677	COG3888
33678	COG3889
33679	COG3890
33680	COG3892
33681	COG3893
33682	COG3894
33683	COG3895
33684	COG3896
33685	COG3897
33686	COG3898
33687	COG3899
33688	COG3900
33689	COG3901
33690	COG3903
33691	COG3904
33692	COG3905
33693	COG3906
33694	COG3907
33695	COG3908
33696	COG3909
33697	COG3910
33698	COG3911
33699	COG3913
33700	COG3914
33701	COG3915
33702	COG3916
33703	COG3917
33704	COG3918
33705	COG3919
33706	COG3920
33707	COG3921
33708	COG3923
33709	COG3924
33710	COG3925
33711	COG3926
33712	COG3930
33713	COG3931
33714	COG3932
33715	COG3933
33716	COG3934
33717	COG3935
33718	COG3936
33719	COG3937
33720	COG3938
33721	COG3940
33722	COG3941
33723	COG3942
33724	COG3943
33725	COG3944
33726	COG3945
33727	COG3946
33728	COG3947
33729	COG3948
33730	COG3949
33731	COG3950
33732	COG3951
33733	COG3952
33734	COG3953
33735	COG3954
33736	COG3955
33737	COG3956
33738	COG3957
33739	COG3958
33740	COG3959
33741	COG3960
33742	COG3961
33743	COG3962
33744	COG3963
33745	COG3964
33746	COG3965
33747	COG3966
33748	COG3967
33749	COG3968
33750	COG3969
33751	COG3970
33752	COG3971
33753	COG3972
33754	COG3973
33755	COG3975
33756	COG3976
33757	COG3977
33758	COG3978
33759	COG3979
33760	COG3980
33761	COG3981
33762	COG4001
33763	COG4002
33764	COG4003
33765	COG4004
33766	COG4006
33767	COG4007
33768	COG4008
33769	COG4009
33770	COG4010
33771	COG4012
33772	COG4013
33773	COG4014
33774	COG4015
33775	COG4016
33776	COG4017
33777	COG4018
33778	COG4019
33779	COG4020
33780	COG4021
33781	COG4022
33782	COG4023
33783	COG4024
33784	COG4025
33785	COG4026
33786	COG4027
33787	COG4028
33788	COG4029
33789	COG4030
33790	COG4031
33791	COG4032
33792	COG4033
33793	COG4034
33794	COG4035
33795	COG4036
33796	COG4037
33797	COG4038
33798	COG4039
33799	COG4040
33800	COG4041
33801	COG4042
33802	COG4043
33803	COG4044
33804	COG4046
33805	COG4047
33806	COG4048
33807	COG4049
33808	COG4050
33809	COG4051
33810	COG4052
33811	COG4053
33812	COG4054
33813	COG4055
33814	COG4056
33815	COG4057
33816	COG4058
33817	COG4059
33818	COG4060
33819	COG4061
33820	COG4062
33821	COG4063
33822	COG4064
33823	COG4065
33824	COG4066
33825	COG4067
33826	COG4068
33827	COG4069
33828	COG4070
33829	COG4071
33830	COG4072
33831	COG4073
33832	COG4074
33833	COG4075
33834	COG4076
33835	COG4077
33836	COG4078
33837	COG4079
33838	COG4080
33839	COG4081
33840	COG4083
33841	COG4084
33842	COG4085
33843	COG4086
33844	COG4087
33845	COG4088
33846	COG4089
33847	COG4090
33848	COG4091
33849	COG4092
33850	COG4093
33851	COG4094
33852	COG4095
33853	COG4096
33854	COG4097
33855	COG4098
33856	COG4099
33857	COG4100
33858	COG4101
33859	COG4102
33860	COG4103
33861	COG4104
33862	COG4105
33863	COG4106
33864	COG4107
33865	COG4108
33866	COG4109
33867	COG4110
33868	COG4111
33869	COG4112
33870	COG4113
33871	COG4114
33872	COG4115
33873	COG4116
33874	COG4117
33875	COG4118
33876	COG4119
33877	COG4120
33878	COG4121
33879	COG4122
33880	COG4123
33881	COG4124
33882	COG4125
33883	COG4126
33884	COG4127
33885	COG4128
33886	COG4129
33887	COG4130
33888	COG4132
33889	COG4133
33890	COG4134
33891	COG4135
33892	COG4136
33893	COG4137
33894	COG4138
33895	COG4139
33896	COG4143
33897	COG4145
33898	COG4146
33899	COG4147
33900	COG4148
33901	COG4149
33902	COG4150
33903	COG4152
33904	COG4154
33905	COG4158
33906	COG4160
33907	COG4161
33908	COG4166
33909	COG4167
33910	COG4168
33911	COG4170
33912	COG4171
33913	COG4172
33914	COG4174
33915	COG4175
33916	COG4176
33917	COG4177
33918	COG4178
33919	COG4181
33920	COG4185
33921	COG4186
33922	COG4187
33923	COG4188
33924	COG4189
33925	COG4190
33926	COG4191
33927	COG4192
33928	COG4193
33929	COG4194
33930	COG4195
33931	COG4196
33932	COG4197
33933	COG4198
33934	COG4199
33935	COG4200
33936	COG4206
33937	COG4208
33938	COG4209
33939	COG4211
33940	COG4213
33941	COG4214
33942	COG4215
33943	COG4218
33944	COG4219
33945	COG4220
33946	COG4221
33947	COG4222
33948	COG4223
33949	COG4224
33950	COG4225
33951	COG4226
33952	COG4227
33953	COG4228
33954	COG4229
33955	COG4230
33956	COG4231
33957	COG4232
33958	COG4233
33959	COG4235
33960	COG4237
33961	COG4238
33962	COG4239
33963	COG4240
33964	COG4241
33965	COG4242
33966	COG4243
33967	COG4244
33968	COG4245
33969	COG4246
33970	COG4247
33971	COG4248
33972	COG4249
33973	COG4250
33974	COG4251
33975	COG4252
33976	COG4253
33977	COG4254
33978	COG4255
33979	COG4256
33980	COG4257
33981	COG4258
33982	COG4259
33983	COG4260
33984	COG4261
33985	COG4262
33986	COG4263
33987	COG4264
33988	COG4266
33989	COG4267
33990	COG4268
33991	COG4269
33992	COG4270
33993	COG4271
33994	COG4272
33995	COG4273
33996	COG4274
33997	COG4275
33998	COG4276
33999	COG4277
34000	COG4278
34001	COG4279
34002	COG4280
34003	COG4281
34004	COG4282
34005	COG4283
34006	COG4284
34007	COG4285
34008	COG4286
34009	COG4287
34010	COG4288
34011	COG4289
34012	COG4290
34013	COG4291
34014	COG4292
34015	COG4293
34016	COG4294
34017	COG4295
34018	COG4296
34019	COG4297
34020	COG4298
34021	COG4299
34022	COG4300
34023	COG4301
34024	COG4302
34025	COG4303
34026	COG4304
34027	COG4305
34028	COG4306
34029	COG4307
34030	COG4308
34031	COG4309
34032	COG4310
34033	COG4311
34034	COG4312
34035	COG4313
34036	COG4314
34037	COG4315
34038	COG4316
34039	COG4317
34040	COG4318
34041	COG4319
34042	COG4320
34043	COG4321
34044	COG4322
34045	COG4323
34046	COG4324
34047	COG4325
34048	COG4326
34049	COG4327
34050	COG4328
34051	COG4329
34052	COG4330
34053	COG4331
34054	COG4332
34055	COG4333
34056	COG4334
34057	COG4335
34058	COG4336
34059	COG4337
34060	COG4338
34061	COG4339
34062	COG4340
34063	COG4341
34064	COG4342
34065	COG4343
34066	COG4344
34067	COG4345
34068	COG4346
34069	COG4347
34070	COG4352
34071	COG4353
34072	COG4354
34073	COG4357
34074	COG4359
34075	COG4360
34076	COG4362
34077	COG4365
34078	COG4367
34079	COG4370
34080	COG4371
34081	COG4372
34082	COG4373
34083	COG4374
34084	COG4377
34085	COG4378
34086	COG4379
34087	COG4380
34088	COG4381
34089	COG4382
34090	COG4383
34091	COG4384
34092	COG4385
34093	COG4386
34094	COG4387
34095	COG4388
34096	COG4389
34097	COG4390
34098	COG4391
34099	COG4392
34100	COG4393
34101	COG4394
34102	COG4395
34103	COG4396
34104	COG4397
34105	COG4398
34106	COG4399
34107	COG4401
34108	COG4402
34109	COG4403
34110	COG4405
34111	COG4408
34112	COG4409
34113	COG4412
34114	COG4413
34115	COG4416
34116	COG4420
34117	COG4421
34118	COG4422
34119	COG4423
34120	COG4424
34121	COG4425
34122	COG4427
34123	COG4430
34124	COG4443
34125	COG4445
34126	COG4446
34127	COG4447
34128	COG4448
34129	COG4449
34130	COG4451
34131	COG4452
34132	COG4453
34133	COG4454
34134	COG4455
34135	COG4456
34136	COG4457
34137	COG4458
34138	COG4459
34139	COG4460
34140	COG4461
34141	COG4463
34142	COG4464
34143	COG4465
34144	COG4466
34145	COG4467
34146	COG4468
34147	COG4469
34148	COG4470
34149	COG4471
34150	COG4472
34151	COG4473
34152	COG4474
34153	COG4475
34154	COG4476
34155	COG4477
34156	COG4478
34157	COG4479
34158	COG4481
34159	COG4483
34160	COG4485
34161	COG4487
34162	COG4492
34163	COG4493
34164	COG4495
34165	COG4496
34166	COG4499
34167	COG4502
34168	COG4506
34169	COG4508
34170	COG4509
34171	COG4512
34172	COG4517
34173	COG4518
34174	COG4519
34175	COG4520
34176	COG4521
34177	COG4525
34178	COG4529
34179	COG4530
34180	COG4531
34181	COG4533
34182	COG4535
34183	COG4536
34184	COG4537
34185	COG4538
34186	COG4539
34187	COG4540
34188	COG4541
34189	COG4542
34190	COG4544
34191	COG4545
34192	COG4547
34193	COG4548
34194	COG4549
34195	COG4550
34196	COG4551
34197	COG4552
34198	COG4553
34199	COG4555
34200	COG4558
34201	COG4559
34202	COG4564
34203	COG4565
34204	COG4566
34205	COG4567
34206	COG4568
34207	COG4569
34208	COG4570
34209	COG4571
34210	COG4572
34211	COG4573
34212	COG4574
34213	COG4575
34214	COG4576
34215	COG4577
34216	COG4578
34217	COG4579
34218	COG4580
34219	COG4581
34220	COG4582
34221	COG4583
34222	COG4584
34223	COG4585
34224	COG4586
34225	COG4587
34226	COG4588
34227	COG4589
34228	COG4590
34229	COG4591
34230	COG4592
34231	COG4594
34232	COG4597
34233	COG4598
34234	COG4603
34235	COG4604
34236	COG4605
34237	COG4606
34238	COG4607
73178	COG4608
34240	COG4615
34241	COG4618
34242	COG4619
34243	COG4623
34244	COG4624
34245	COG4625
34246	COG4626
34247	COG4627
34248	COG4628
34249	COG4630
34250	COG4631
34251	COG4632
34252	COG4633
34253	COG4634
34254	COG4635
34255	COG4636
34256	COG4637
34257	COG4638
34258	COG4639
34259	COG4640
34260	COG4641
34261	COG4642
34262	COG4643
34263	COG4644
34264	COG4645
34265	COG4646
34266	COG4647
34267	COG4648
34268	COG4649
34269	COG4650
34270	COG4651
34271	COG4652
34272	COG4653
34273	COG4654
34274	COG4655
34275	COG4656
34276	COG4657
34277	COG4658
34278	COG4659
34279	COG4660
34280	COG4662
34281	COG4663
34282	COG4664
34283	COG4665
34284	COG4666
34285	COG4667
34286	COG4668
34287	COG4669
34288	COG4670
34289	COG4671
34290	COG4672
34291	COG4674
34292	COG4675
34293	COG4676
34294	COG4677
34295	COG4678
34296	COG4679
34297	COG4680
34298	COG4681
34299	COG4682
34300	COG4683
34301	COG4684
34302	COG4685
34303	COG4687
34304	COG4688
34305	COG4689
34306	COG4690
34307	COG4691
34308	COG4692
34309	COG4693
34310	COG4694
34311	COG4695
34312	COG4696
34313	COG4697
34314	COG4698
34315	COG4699
34316	COG4700
34317	COG4701
34318	COG4702
34319	COG4703
34320	COG4704
34321	COG4705
34322	COG4706
34323	COG4707
34324	COG4708
34325	COG4709
34326	COG4710
34327	COG4711
34328	COG4712
34329	COG4713
34330	COG4714
34331	COG4715
34332	COG4716
34333	COG4717
34334	COG4718
34335	COG4719
34336	COG4720
34337	COG4721
34338	COG4722
34339	COG4723
34340	COG4724
34341	COG4725
34342	COG4726
34343	COG4727
34344	COG4728
34345	COG4729
34346	COG4731
34347	COG4732
34348	COG4733
34349	COG4734
34350	COG4735
34351	COG4736
34352	COG4737
34353	COG4738
34354	COG4739
34355	COG4740
34356	COG4741
34357	COG4742
34358	COG4743
34359	COG4744
34360	COG4745
88625	COG4746
34362	COG4747
34363	COG4748
34364	COG4749
34365	COG4750
34366	COG4752
34367	COG4753
34368	COG4754
34369	COG4755
34370	COG4756
34371	COG4757
34372	COG4758
34373	COG4759
34374	COG4760
34375	COG4762
34376	COG4763
34377	COG4764
34378	COG4765
34379	COG4766
34380	COG4767
34381	COG4768
34382	COG4769
34383	COG4770
34384	COG4771
34385	COG4772
34386	COG4773
34387	COG4774
34388	COG4775
34389	COG4776
34390	COG4778
34391	COG4779
34392	COG4781
34393	COG4782
34394	COG4783
34395	COG4784
34396	COG4785
34397	COG4786
34398	COG4787
34399	COG4789
34400	COG4790
34401	COG4791
34402	COG4792
34403	COG4794
34404	COG4795
34405	COG4796
34406	COG4797
34407	COG4798
34408	COG4799
34409	COG4800
34410	COG4801
34411	COG4802
34412	COG4803
34413	COG4804
34414	COG4805
34415	COG4806
34416	COG4807
34417	COG4808
34418	COG4809
34419	COG4810
34420	COG4811
34421	COG4812
34422	COG4813
34423	COG4814
34424	COG4815
34425	COG4816
34426	COG4817
34427	COG4818
34428	COG4819
34429	COG4820
34430	COG4821
34431	COG4822
34432	COG4823
34433	COG4824
34434	COG4825
34435	COG4826
34436	COG4827
34437	COG4828
34438	COG4829
34439	COG4830
34440	COG4831
34441	COG4832
34442	COG4833
34443	COG4834
34444	COG4835
34445	COG4836
34446	COG4837
34447	COG4838
34448	COG4839
34449	COG4840
34450	COG4841
34451	COG4842
34452	COG4843
34453	COG4844
34454	COG4845
34455	COG4846
34456	COG4847
34457	COG4848
34458	COG4849
34459	COG4850
34460	COG4851
34461	COG4852
34462	COG4853
34463	COG4854
34464	COG4855
34465	COG4856
34466	COG4857
34467	COG4858
34468	COG4859
34469	COG4860
34470	COG4861
34471	COG4862
34472	COG4863
34473	COG4864
34474	COG4865
34475	COG4866
34476	COG4867
34477	COG4868
34478	COG4869
34479	COG4870
34480	COG4871
34481	COG4872
34482	COG4873
34483	COG4874
34484	COG4875
34485	COG4876
34486	COG4877
34487	COG4878
34488	COG4879
34489	COG4880
34490	COG4881
34491	COG4882
34492	COG4883
34493	COG4884
34494	COG4885
34495	COG4886
34496	COG4887
34497	COG4888
34498	COG4889
34499	COG4890
34500	COG4891
34501	COG4892
34502	COG4893
34503	COG4894
34504	COG4895
34505	COG4896
34506	COG4897
34507	COG4898
34508	COG4899
34509	COG4900
34510	COG4901
34511	COG4902
34512	COG4903
34513	COG4904
34514	COG4905
34515	COG4906
34516	COG4907
34517	COG4908
34518	COG4909
34519	COG4910
34520	COG4911
34521	COG4912
34522	COG4913
34523	COG4914
34524	COG4915
34525	COG4916
34526	COG4917
34527	COG4918
34528	COG4919
34529	COG4920
34530	COG4921
34531	COG4922
34532	COG4923
34533	COG4924
34534	COG4925
34535	COG4926
34536	COG4927
34537	COG4928
34538	COG4929
34539	COG4930
34540	COG4932
34541	COG4933
34542	COG4934
34543	COG4935
34544	COG4936
34545	COG4937
34546	COG4938
34547	COG4939
34548	COG4940
34549	COG4941
34550	COG4942
34551	COG4943
34552	COG4944
34553	COG4945
34554	COG4946
34555	COG4947
34556	COG4948
34557	COG4949
34558	COG4950
34559	COG4951
34560	COG4952
34561	COG4953
34562	COG4954
34563	COG4955
34564	COG4956
34565	COG4957
34566	COG4959
34567	COG4960
34568	COG4961
34569	COG4962
34570	COG4963
34571	COG4964
34572	COG4965
34573	COG4966
34574	COG4967
34575	COG4968
34576	COG4969
34577	COG4970
34578	COG4972
34579	COG4973
34580	COG4974
34581	COG4975
34582	COG4976
34583	COG4977
34584	COG4978
34585	COG4980
34586	COG4981
34587	COG4982
34588	COG4983
34589	COG4984
34590	COG4985
34591	COG4986
34592	COG4987
34593	COG4988
34594	COG4989
34595	COG4990
34596	COG4991
34597	COG4992
34598	COG4993
34599	COG4994
34600	COG4995
34601	COG4996
34602	COG4997
34603	COG4998
34604	COG4999
34605	COG5000
34606	COG5001
34607	COG5002
34608	COG5003
34609	COG5004
34610	COG5005
34611	COG5006
34612	COG5007
34613	COG5008
34614	COG5009
34615	COG5010
34616	COG5011
34617	COG5012
34618	COG5013
34619	COG5014
34620	COG5015
34621	COG5016
34622	COG5017
34623	COG5018
34624	COG5019
34625	COG5020
34626	COG5021
34627	COG5022
34628	COG5023
34629	COG5024
34630	COG5025
34631	COG5026
34632	COG5027
34633	COG5028
34634	COG5029
34635	COG5030
34636	COG5031
34637	COG5032
34638	COG5033
34639	COG5034
34640	COG5035
34641	COG5036
34642	COG5037
34643	COG5038
34644	COG5039
34645	COG5040
34646	COG5041
34647	COG5042
34648	COG5043
34649	COG5044
34650	COG5045
34651	COG5046
34652	COG5047
34653	COG5048
34654	COG5049
34655	COG5050
34656	COG5051
34657	COG5052
34658	COG5053
34659	COG5054
34660	COG5055
34661	COG5056
34662	COG5057
34663	COG5058
34664	COG5059
34665	COG5061
34666	COG5062
34667	COG5063
34668	COG5064
34669	COG5065
34670	COG5066
34671	COG5067
34672	COG5068
34673	COG5069
34674	COG5070
34675	COG5071
34676	COG5072
34677	COG5073
34678	COG5074
34679	COG5075
34680	COG5076
34681	COG5077
34682	COG5078
34683	COG5079
34684	COG5080
34685	COG5081
34686	COG5082
34687	COG5083
34688	COG5084
34689	COG5085
34690	COG5086
34691	COG5087
34692	COG5088
34693	COG5090
34694	COG5091
34695	COG5092
34696	COG5093
34697	COG5094
34698	COG5095
34699	COG5096
34700	COG5097
34701	COG5098
34702	COG5099
34703	COG5100
34704	COG5101
34705	COG5102
34706	COG5103
34707	COG5104
34708	COG5105
34709	COG5106
34710	COG5107
34711	COG5108
34712	COG5109
34713	COG5110
34714	COG5111
34715	COG5112
34716	COG5113
34717	COG5114
34718	COG5116
34719	COG5117
34720	COG5118
34721	COG5119
34722	COG5120
34723	COG5122
34724	COG5123
34725	COG5124
34726	COG5125
34727	COG5126
34728	COG5127
34729	COG5128
34730	COG5129
34731	COG5130
34732	COG5131
34733	COG5132
34734	COG5133
34735	COG5134
34736	COG5135
34737	COG5136
34738	COG5137
34739	COG5138
34740	COG5139
34741	COG5140
34742	COG5141
34743	COG5142
34744	COG5143
34745	COG5144
34746	COG5145
34747	COG5146
34748	COG5147
34749	COG5148
34750	COG5149
34751	COG5150
34752	COG5151
34753	COG5152
34754	COG5153
34755	COG5154
34756	COG5155
34757	COG5156
34758	COG5157
34759	COG5158
34760	COG5159
34761	COG5160
34762	COG5161
34763	COG5162
34764	COG5163
34765	COG5164
34766	COG5165
34767	COG5166
34768	COG5167
34769	COG5169
34770	COG5170
34771	COG5171
34772	COG5173
34773	COG5174
34774	COG5175
34775	COG5176
34776	COG5177
34777	COG5178
34778	COG5179
34779	COG5180
34780	COG5181
34781	COG5182
34782	COG5183
34783	COG5184
34784	COG5185
34785	COG5186
34786	COG5187
34787	COG5188
34788	COG5189
34789	COG5190
34790	COG5191
34791	COG5192
34792	COG5193
34793	COG5194
34794	COG5195
34795	COG5196
34796	COG5197
34797	COG5198
34798	COG5199
34799	COG5200
34800	COG5201
34801	COG5202
34802	COG5204
34803	COG5206
34804	COG5207
34805	COG5208
34806	COG5209
34807	COG5210
34808	COG5211
34809	COG5212
34810	COG5213
34811	COG5214
34812	COG5215
34813	COG5216
34814	COG5217
34815	COG5218
34816	COG5219
34817	COG5220
34818	COG5221
34819	COG5222
34820	COG5223
34821	COG5224
34822	COG5225
34823	COG5226
34824	COG5227
34825	COG5228
34826	COG5229
34827	COG5230
34828	COG5231
34829	COG5232
34830	COG5233
34831	COG5234
34832	COG5235
34833	COG5236
34834	COG5237
34835	COG5238
34836	COG5239
34837	COG5240
34838	COG5241
34839	COG5242
34840	COG5243
34841	COG5244
34842	COG5245
34843	COG5246
34844	COG5247
34845	COG5248
34846	COG5249
34847	COG5250
34848	COG5251
34849	COG5252
34850	COG5253
34851	COG5254
34852	COG5255
34853	COG5256
34854	COG5257
34855	COG5258
34856	COG5259
34857	COG5260
34858	COG5261
34859	COG5262
34860	COG5263
34861	COG5264
34862	COG5265
34863	COG5266
34864	COG5267
34865	COG5268
34866	COG5269
34867	COG5270
34868	COG5271
34869	COG5272
34870	COG5273
34871	COG5274
34872	COG5275
34873	COG5276
34874	COG5277
34875	COG5278
34876	COG5279
34877	COG5280
34878	COG5281
34879	COG5282
34880	COG5283
34881	COG5285
34882	COG5290
34883	COG5291
34884	COG5293
34885	COG5294
34886	COG5295
34887	COG5296
34888	COG5297
34889	COG5298
34890	COG5301
34891	COG5302
34892	COG5304
34893	COG5305
34894	COG5306
34895	COG5307
34896	COG5308
34897	COG5309
34898	COG5310
34899	COG5314
34900	COG5316
34901	COG5317
34902	COG5319
34903	COG5321
34904	COG5322
34905	COG5323
34906	COG5324
34907	COG5325
34908	COG5328
34909	COG5329
34910	COG5330
34911	COG5331
34912	COG5333
34913	COG5336
34914	COG5337
34915	COG5338
34916	COG5339
34917	COG5340
34918	COG5341
34919	COG5342
34920	COG5343
34921	COG5345
34922	COG5346
34923	COG5347
34924	COG5349
34925	COG5350
34926	COG5351
34927	COG5352
34928	COG5353
34929	COG5354
34930	COG5360
34931	COG5361
34932	COG5362
34933	COG5366
34934	COG5368
34935	COG5369
34936	COG5371
34937	COG5373
34938	COG5374
34939	COG5375
34940	COG5377
34941	COG5378
34942	COG5379
34943	COG5380
34944	COG5381
34945	COG5383
34946	COG5384
34947	COG5385
34948	COG5386
34949	COG5387
34950	COG5388
34951	COG5389
34952	COG5391
34953	COG5393
34954	COG5394
34955	COG5395
34956	COG5397
34957	COG5398
34958	COG5399
34959	COG5400
34960	COG5401
34961	COG5402
34962	COG5403
34963	COG5404
34964	COG5405
34965	COG5406
34966	COG5407
34967	COG5408
34968	COG5409
34969	COG5410
34970	COG5411
34971	COG5412
34972	COG5413
34973	COG5414
34974	COG5415
34975	COG5416
34976	COG5417
34977	COG5418
34978	COG5419
34979	COG5420
34980	COG5421
34981	COG5422
34982	COG5423
34983	COG5424
34984	COG5425
34985	COG5426
34986	COG5427
34987	COG5428
34988	COG5429
34989	COG5430
34990	COG5431
34991	COG5432
34992	COG5433
34993	COG5434
34994	COG5435
34995	COG5436
34996	COG5437
34997	COG5438
34998	COG5439
34999	COG5440
35000	COG5441
35001	COG5442
35002	COG5443
35003	COG5444
35004	COG5445
35005	COG5446
35006	COG5447
35007	COG5448
35008	COG5449
35009	COG5450
35010	COG5451
35011	COG5452
35012	COG5453
35013	COG5454
35014	COG5455
35015	COG5456
35016	COG5457
35017	COG5458
35018	COG5459
35019	COG5460
35020	COG5461
35021	COG5462
35022	COG5463
35023	COG5464
35024	COG5465
35025	COG5466
35026	COG5467
35027	COG5468
35028	COG5469
35029	COG5470
35030	COG5471
35031	COG5472
35032	COG5473
35033	COG5474
35034	COG5475
35035	COG5476
35036	COG5477
35037	COG5478
35038	COG5479
35039	COG5480
35040	COG5481
35041	COG5482
35042	COG5483
35043	COG5484
35044	COG5485
35045	COG5486
35046	COG5487
35047	COG5488
35048	COG5489
35049	COG5490
35050	COG5491
35051	COG5492
35052	COG5493
35053	COG5494
35054	COG5495
35055	COG5496
35056	COG5497
35057	COG5498
35058	COG5499
35059	COG5500
35060	COG5501
35061	COG5502
35062	COG5503
35063	COG5504
35064	COG5505
35065	COG5506
35066	COG5507
35067	COG5508
35068	COG5509
35069	COG5510
35070	COG5511
35071	COG5512
35072	COG5513
35073	COG5514
35074	COG5515
35075	COG5516
35076	COG5517
35077	COG5518
35078	COG5519
35079	COG5520
35080	COG5521
35081	COG5522
35082	COG5523
35083	COG5524
35084	COG5525
35085	COG5526
35086	COG5527
35087	COG5528
35088	COG5529
35089	COG5530
35090	COG5531
35091	COG5532
35092	COG5533
35093	COG5534
35094	COG5535
35095	COG5536
35096	COG5537
35097	COG5538
35098	COG5539
35099	COG5540
35100	COG5541
35101	COG5542
35102	COG5543
35103	COG5544
35104	COG5545
35105	COG5546
35106	COG5547
35107	COG5548
35108	COG5549
35109	COG5550
35110	COG5551
35111	COG5552
35112	COG5553
35113	COG5554
35114	COG5555
35115	COG5556
35116	COG5557
35117	COG5558
35118	COG5559
35119	COG5560
35120	COG5561
35121	COG5562
35122	COG5563
35123	COG5564
35124	COG5565
35125	COG5566
35126	COG5567
35127	COG5568
35128	COG5569
35129	COG5570
35130	COG5571
35131	COG5572
35132	COG5573
35133	COG5574
35134	COG5575
35135	COG5576
35136	COG5577
35137	COG5578
35138	COG5579
35139	COG5580
35140	COG5581
35141	COG5582
35142	COG5583
35143	COG5584
35144	COG5585
35145	COG5586
35146	COG5587
35147	COG5588
35148	COG5589
35149	COG5590
35150	COG5591
35151	COG5592
35152	COG5593
35153	COG5594
35154	COG5595
35155	COG5596
35156	COG5597
35157	COG5598
35158	COG5599
35159	COG5600
35160	COG5601
35161	COG5602
35162	COG5603
35163	COG5604
35164	COG5605
35165	COG5606
35166	COG5607
35167	COG5608
35168	COG5609
35169	COG5610
35170	COG5611
35171	COG5612
35172	COG5613
35173	COG5614
35174	COG5615
35175	COG5616
35176	COG5617
35177	COG5618
35178	COG5619
35179	COG5620
35180	COG5621
35181	COG5622
35182	COG5623
35183	COG5624
35184	COG5625
35185	COG5626
35186	COG5627
35187	COG5628
35188	COG5629
35189	COG5630
35190	COG5631
35191	COG5632
35192	COG5633
35193	COG5634
35194	COG5635
35195	COG5636
35196	COG5637
35197	COG5638
35198	COG5639
35199	COG5640
35200	COG5641
35201	COG5642
35202	COG5643
35203	COG5644
35204	COG5645
35205	COG5646
35206	COG5647
35207	COG5648
35208	COG5649
35209	COG5650
35210	COG5651
35211	COG5652
35212	COG5653
35213	COG5654
35214	COG5655
35215	COG5656
35216	COG5657
35217	COG5658
35218	COG5659
35219	COG5660
35220	COG5661
35221	COG5662
35222	COG5663
35223	COG5664
35224	COG5665
